name,Clone,Treatment,Rep,Antibody,filename_r1s1,filename_r2s1,filename_r1s2,filename_r2s2
cloneA3__Unt__H3K9ac__rep1,A3,Unt,1,H3K9ac,xR040-L1-G3-P042-ATCACG-AGGCTATA-READ1-Sequences.fastq.gz,xR040-L1-G3-P042-ATCACG-AGGCTATA-READ2-Sequences.fastq.gz,xR043-L6-G2-P037-ATCACG-AGGCTATA-READ1-Sequences.fastq.gz,xR043-L6-G2-P037-ATCACG-AGGCTATA-READ2-Sequences.fastq.gz
cloneA3__Unt__H3K9ac__rep2,A3,Unt,2,H3K9ac,xR040-L1-G3-P043-CGATGT-GCCTCTAT-READ1-Sequences.fastq.gz,xR040-L1-G3-P043-CGATGT-GCCTCTAT-READ2-Sequences.fastq.gz,xR043-L6-G2-P038-CGATGT-GCCTCTAT-READ1-Sequences.fastq.gz,xR043-L6-G2-P038-CGATGT-GCCTCTAT-READ2-Sequences.fastq.gz
cloneA3__Unt__H3K9ac__rep3,A3,Unt,3,H3K9ac,xR040-L1-G3-P044-TTAGGC-AGGATAGG-READ1-Sequences.fastq.gz,xR040-L1-G3-P044-TTAGGC-AGGATAGG-READ2-Sequences.fastq.gz,xR043-L6-G2-P039-TTAGGC-AGGATAGG-READ1-Sequences.fastq.gz,xR043-L6-G2-P039-TTAGGC-AGGATAGG-READ2-Sequences.fastq.gz
cloneA3__HU__H3K9ac__rep1,A3,HU,1,H3K9ac,xR040-L1-G3-P045-TGACCA-TCAGAGCC-READ1-Sequences.fastq.gz,xR040-L1-G3-P045-TGACCA-TCAGAGCC-READ2-Sequences.fastq.gz,xR043-L6-G2-P040-TGACCA-TCAGAGCC-READ1-Sequences.fastq.gz,xR043-L6-G2-P040-TGACCA-TCAGAGCC-READ2-Sequences.fastq.gz
cloneA3__HU__H3K9ac__rep2,A3,HU,2,H3K9ac,xR040-L1-G3-P046-ACAGTG-CTTCGCCT-READ1-Sequences.fastq.gz,xR040-L1-G3-P046-ACAGTG-CTTCGCCT-READ2-Sequences.fastq.gz,xR043-L6-G2-P041-ACAGTG-CTTCGCCT-READ1-Sequences.fastq.gz,xR043-L6-G2-P041-ACAGTG-CTTCGCCT-READ2-Sequences.fastq.gz
cloneA3__Unt__H3K9me2__rep1,A3,Unt,1,H3K9me2,xR040-L1-G3-P047-CAGATC-ACGTCCTG-READ1-Sequences.fastq.gz,xR040-L1-G3-P047-CAGATC-ACGTCCTG-READ2-Sequences.fastq.gz,xR043-L6-G2-P042-CAGATC-ACGTCCTG-READ1-Sequences.fastq.gz,xR043-L6-G2-P042-CAGATC-ACGTCCTG-READ2-Sequences.fastq.gz
cloneA3__Unt__H3K9me2__rep2,A3,Unt,2,H3K9me2,xR040-L1-G3-P048-ACTTGA-GTCAGTAC-READ1-Sequences.fastq.gz,xR040-L1-G3-P048-ACTTGA-GTCAGTAC-READ2-Sequences.fastq.gz,xR043-L6-G2-P043-ACTTGA-GTCAGTAC-READ1-Sequences.fastq.gz,xR043-L6-G2-P043-ACTTGA-GTCAGTAC-READ2-Sequences.fastq.gz
cloneA3__Unt__H3K9me2__rep3,A3,Unt,3,H3K9me2,xR040-L1-G3-P049-GATCAG-AGGCTATA-READ1-Sequences.fastq.gz,xR040-L1-G3-P049-GATCAG-AGGCTATA-READ2-Sequences.fastq.gz,xR043-L6-G2-P044-GATCAG-AGGCTATA-READ1-Sequences.fastq.gz,xR043-L6-G2-P044-GATCAG-AGGCTATA-READ2-Sequences.fastq.gz
cloneA3__HU__H3K9me2__rep1,A3,HU,1,H3K9me2,xR040-L1-G3-P050-TAGCTT-GCCTCTAT-READ1-Sequences.fastq.gz,xR040-L1-G3-P050-TAGCTT-GCCTCTAT-READ2-Sequences.fastq.gz,xR043-L6-G2-P045-TAGCTT-GCCTCTAT-READ1-Sequences.fastq.gz,xR043-L6-G2-P045-TAGCTT-GCCTCTAT-READ2-Sequences.fastq.gz
cloneA3__HU__H3K9me2__rep2,A3,HU,2,H3K9me2,xR040-L1-G3-P051-GGCTAC-AGGATAGG-READ1-Sequences.fastq.gz,xR040-L1-G3-P051-GGCTAC-AGGATAGG-READ2-Sequences.fastq.gz,xR043-L6-G2-P046-GGCTAC-AGGATAGG-READ1-Sequences.fastq.gz,xR043-L6-G2-P046-GGCTAC-AGGATAGG-READ2-Sequences.fastq.gz
cloneA3__HU__H3K9me2__rep3,A3,HU,3,H3K9me2,xR040-L1-G3-P052-CTTGTA-TCAGAGCC-READ1-Sequences.fastq.gz,xR040-L1-G3-P052-CTTGTA-TCAGAGCC-READ2-Sequences.fastq.gz,xR043-L6-G2-P047-CTTGTA-TCAGAGCC-READ1-Sequences.fastq.gz,xR043-L6-G2-P047-CTTGTA-TCAGAGCC-READ2-Sequences.fastq.gz
cloneA3__Unt__H3K9me3__rep1,A3,Unt,1,H3K9me3,xR040-L1-G3-P053-AGTCAA-CTTCGCCT-READ1-Sequences.fastq.gz,xR040-L1-G3-P053-AGTCAA-CTTCGCCT-READ2-Sequences.fastq.gz,xR043-L6-G2-P048-AGTCAA-CTTCGCCT-READ1-Sequences.fastq.gz,xR043-L6-G2-P048-AGTCAA-CTTCGCCT-READ2-Sequences.fastq.gz
cloneA3__Unt__H3K9me3__rep2,A3,Unt,2,H3K9me3,xR040-L1-G3-P054-AGTTCC-TAAGATTA-READ1-Sequences.fastq.gz,xR040-L1-G3-P054-AGTTCC-TAAGATTA-READ2-Sequences.fastq.gz,xR043-L6-G2-P049-AGTTCC-TAAGATTA-READ1-Sequences.fastq.gz,xR043-L6-G2-P049-AGTTCC-TAAGATTA-READ2-Sequences.fastq.gz
cloneA3__HU__H3K9me3__rep1,A3,HU,1,H3K9me3,xR040-L1-G3-P055-CCGTCC-GTCAGTAC-READ1-Sequences.fastq.gz,xR040-L1-G3-P055-CCGTCC-GTCAGTAC-READ2-Sequences.fastq.gz,xR043-L6-G2-P050-CCGTCC-GTCAGTAC-READ1-Sequences.fastq.gz,xR043-L6-G2-P050-CCGTCC-GTCAGTAC-READ2-Sequences.fastq.gz
cloneA3__HU__H3K9me3__rep2,A3,HU,2,H3K9me3,xR040-L1-G3-P056-GTAGAG-AGGCTATA-READ1-Sequences.fastq.gz,xR040-L1-G3-P056-GTAGAG-AGGCTATA-READ2-Sequences.fastq.gz,xR043-L6-G2-P051-GTAGAG-AGGCTATA-READ1-Sequences.fastq.gz,xR043-L6-G2-P051-GTAGAG-AGGCTATA-READ2-Sequences.fastq.gz
cloneA3__HU__H3K9me3__rep3,A3,HU,3,H3K9me3,xR040-L1-G3-P057-GTCCGC-GCCTCTAT-READ1-Sequences.fastq.gz,xR040-L1-G3-P057-GTCCGC-GCCTCTAT-READ2-Sequences.fastq.gz,xR043-L6-G2-P052-GTCCGC-GCCTCTAT-READ1-Sequences.fastq.gz,xR043-L6-G2-P052-GTCCGC-GCCTCTAT-READ2-Sequences.fastq.gz
cloneA3__Unt__H3K27ac__rep1,A3,Unt,1,H3K27ac,xR040-L1-G3-P058-GTGAAA-AGGATAGG-READ1-Sequences.fastq.gz,xR040-L1-G3-P058-GTGAAA-AGGATAGG-READ2-Sequences.fastq.gz,xR043-L6-G2-P053-GTGAAA-AGGATAGG-READ1-Sequences.fastq.gz,xR043-L6-G2-P053-GTGAAA-AGGATAGG-READ2-Sequences.fastq.gz
cloneA3__Unt__H3K27ac__rep2,A3,Unt,2,H3K27ac,xR040-L1-G3-P059-GTGGCC-TCAGAGCC-READ1-Sequences.fastq.gz,xR040-L1-G3-P059-GTGGCC-TCAGAGCC-READ2-Sequences.fastq.gz,xR043-L6-G2-P054-GTGGCC-TCAGAGCC-READ1-Sequences.fastq.gz,xR043-L6-G2-P054-GTGGCC-TCAGAGCC-READ2-Sequences.fastq.gz
cloneA3__Unt__H3K27ac__rep3,A3,Unt,3,H3K27ac,xR040-L1-G3-P060-GTTTCG-CTTCGCCT-READ1-Sequences.fastq.gz,xR040-L1-G3-P060-GTTTCG-CTTCGCCT-READ2-Sequences.fastq.gz,xR043-L6-G2-P055-GTTTCG-CTTCGCCT-READ1-Sequences.fastq.gz,xR043-L6-G2-P055-GTTTCG-CTTCGCCT-READ2-Sequences.fastq.gz
cloneA3__HU__H3K27ac__rep1,A3,HU,1,H3K27ac,xR040-L1-G3-P061-CGTACG-TAAGATTA-READ1-Sequences.fastq.gz,xR040-L1-G3-P061-CGTACG-TAAGATTA-READ2-Sequences.fastq.gz,xR043-L6-G2-P056-CGTACG-TAAGATTA-READ1-Sequences.fastq.gz,xR043-L6-G2-P056-CGTACG-TAAGATTA-READ2-Sequences.fastq.gz
cloneA3__HU__H3K27ac__rep3,A3,HU,3,H3K27ac,xR040-L1-G3-P062-GGTAGC-GTCAGTAC-READ1-Sequences.fastq.gz,xR040-L1-G3-P062-GGTAGC-GTCAGTAC-READ2-Sequences.fastq.gz,xR043-L6-G2-P057-GGTAGC-GTCAGTAC-READ1-Sequences.fastq.gz,xR043-L6-G2-P057-GGTAGC-GTCAGTAC-READ2-Sequences.fastq.gz
cloneA3__Unt__H3K27me3__rep1,A3,Unt,1,H3K27me3,xR040-L1-G3-P063-ACTGAT-AGGCTATA-READ1-Sequences.fastq.gz,xR040-L1-G3-P063-ACTGAT-AGGCTATA-READ2-Sequences.fastq.gz,xR043-L6-G2-P058-ACTGAT-AGGCTATA-READ1-Sequences.fastq.gz,xR043-L6-G2-P058-ACTGAT-AGGCTATA-READ2-Sequences.fastq.gz
cloneA3__Unt__H3K27me3__rep2,A3,Unt,2,H3K27me3,xR040-L1-G3-P064-ATGAGC-GCCTCTAT-READ1-Sequences.fastq.gz,xR040-L1-G3-P064-ATGAGC-GCCTCTAT-READ2-Sequences.fastq.gz,xR043-L6-G2-P059-ATGAGC-GCCTCTAT-READ1-Sequences.fastq.gz,xR043-L6-G2-P059-ATGAGC-GCCTCTAT-READ2-Sequences.fastq.gz
cloneA3__Unt__H3K27me3__rep3,A3,Unt,3,H3K27me3,xR040-L1-G3-P065-ATTCCT-AGGATAGG-READ1-Sequences.fastq.gz,xR040-L1-G3-P065-ATTCCT-AGGATAGG-READ2-Sequences.fastq.gz,xR043-L6-G2-P060-ATTCCT-AGGATAGG-READ1-Sequences.fastq.gz,xR043-L6-G2-P060-ATTCCT-AGGATAGG-READ2-Sequences.fastq.gz
cloneA3__HU__H3K27me3__rep1,A3,HU,1,H3K27me3,xR040-L1-G3-P066-CAAAAG-TCAGAGCC-READ1-Sequences.fastq.gz,xR040-L1-G3-P066-CAAAAG-TCAGAGCC-READ2-Sequences.fastq.gz,xR043-L6-G2-P061-CAAAAG-TCAGAGCC-READ1-Sequences.fastq.gz,xR043-L6-G2-P061-CAAAAG-TCAGAGCC-READ2-Sequences.fastq.gz
cloneA3__HU__H3K27me3__rep2,A3,HU,2,H3K27me3,xR040-L1-G3-P067-CAACTA-CTTCGCCT-READ1-Sequences.fastq.gz,xR040-L1-G3-P067-CAACTA-CTTCGCCT-READ2-Sequences.fastq.gz,xR043-L6-G2-P062-CAACTA-CTTCGCCT-READ1-Sequences.fastq.gz,xR043-L6-G2-P062-CAACTA-CTTCGCCT-READ2-Sequences.fastq.gz
cloneA3__HU__H3K27me3__rep3,A3,HU,3,H3K27me3,xR040-L1-G3-P068-CACGAT-TAAGATTA-READ1-Sequences.fastq.gz,xR040-L1-G3-P068-CACGAT-TAAGATTA-READ2-Sequences.fastq.gz,xR043-L6-G2-P063-CACGAT-TAAGATTA-READ1-Sequences.fastq.gz,xR043-L6-G2-P063-CACGAT-TAAGATTA-READ2-Sequences.fastq.gz
cloneA3__Unt__IgG__rep1,A3,Unt,1,IgG,xR040-L1-G3-P069-CACTCA-ACGTCCTG-READ1-Sequences.fastq.gz,xR040-L1-G3-P069-CACTCA-ACGTCCTG-READ2-Sequences.fastq.gz,xR043-L6-G2-P064-CACTCA-ACGTCCTG-READ1-Sequences.fastq.gz,xR043-L6-G2-P064-CACTCA-ACGTCCTG-READ2-Sequences.fastq.gz
cloneA3__HU__IgG__rep1,A3,HU,1,IgG,xR040-L1-G3-P070-CAGGCG-GTCAGTAC-READ1-Sequences.fastq.gz,xR040-L1-G3-P070-CAGGCG-GTCAGTAC-READ2-Sequences.fastq.gz,xR043-L6-G2-P065-CAGGCG-GTCAGTAC-READ1-Sequences.fastq.gz,xR043-L6-G2-P065-CAGGCG-GTCAGTAC-READ2-Sequences.fastq.gz
cloneA3__Unt_pA_Mnase__H3K9me2__rep1,A3,Unt_pA_Mnase,1,H3K9me2,xR040-L1-G3-P071-CATGGC-AGGCTATA-READ1-Sequences.fastq.gz,xR040-L1-G3-P071-CATGGC-AGGCTATA-READ2-Sequences.fastq.gz,xR043-L6-G2-P066-CATGGC-AGGCTATA-READ1-Sequences.fastq.gz,xR043-L6-G2-P066-CATGGC-AGGCTATA-READ2-Sequences.fastq.gz
cloneA3__Unt_pA_Mnase__H3K27me3__rep1,A3,Unt_pA_Mnase,1,H3K27me3,xR040-L1-G3-P072-CATTTT-GCCTCTAT-READ1-Sequences.fastq.gz,xR040-L1-G3-P072-CATTTT-GCCTCTAT-READ2-Sequences.fastq.gz,xR043-L6-G2-P067-CATTTT-GCCTCTAT-READ1-Sequences.fastq.gz,xR043-L6-G2-P067-CATTTT-GCCTCTAT-READ2-Sequences.fastq.gz
cloneA3__Unt_pA_Mnase__IgG__rep1,A3,Unt_pA_Mnase,1,IgG,xR040-L1-G3-P073-CCAACA-AGGATAGG-READ1-Sequences.fastq.gz,xR040-L1-G3-P073-CCAACA-AGGATAGG-READ2-Sequences.fastq.gz,xR043-L6-G2-P068-CCAACA-AGGATAGG-READ1-Sequences.fastq.gz,xR043-L6-G2-P068-CCAACA-AGGATAGG-READ2-Sequences.fastq.gz
clone32__Unt__H3K9ac__rep1,32,Unt,1,H3K9ac,xR040-L1-G3-P074-ATCACG-GCCTCTAT-READ1-Sequences.fastq.gz,xR040-L1-G3-P074-ATCACG-GCCTCTAT-READ2-Sequences.fastq.gz,xR043-L6-G2-P069-ATCACG-GCCTCTAT-READ1-Sequences.fastq.gz,xR043-L6-G2-P069-ATCACG-GCCTCTAT-READ2-Sequences.fastq.gz
clone32__Unt__H3K9ac__rep2,32,Unt,2,H3K9ac,xR040-L1-G3-P075-CGATGT-AGGATAGG-READ1-Sequences.fastq.gz,xR040-L1-G3-P075-CGATGT-AGGATAGG-READ2-Sequences.fastq.gz,xR043-L6-G2-P070-CGATGT-AGGATAGG-READ1-Sequences.fastq.gz,xR043-L6-G2-P070-CGATGT-AGGATAGG-READ2-Sequences.fastq.gz
clone32__Unt__H3K9ac__rep3,32,Unt,3,H3K9ac,xR040-L1-G3-P076-TTAGGC-TCAGAGCC-READ1-Sequences.fastq.gz,xR040-L1-G3-P076-TTAGGC-TCAGAGCC-READ2-Sequences.fastq.gz,xR043-L6-G2-P071-TTAGGC-TCAGAGCC-READ1-Sequences.fastq.gz,xR043-L6-G2-P071-TTAGGC-TCAGAGCC-READ2-Sequences.fastq.gz
clone32__HU__H3K9ac__rep1,32,HU,1,H3K9ac,xR040-L1-G3-P077-TGACCA-CTTCGCCT-READ1-Sequences.fastq.gz,xR040-L1-G3-P077-TGACCA-CTTCGCCT-READ2-Sequences.fastq.gz,xR043-L6-G2-P072-TGACCA-CTTCGCCT-READ1-Sequences.fastq.gz,xR043-L6-G2-P072-TGACCA-CTTCGCCT-READ2-Sequences.fastq.gz
clone32__HU__H3K9ac__rep2,32,HU,2,H3K9ac,xR040-L1-G3-P078-ACAGTG-TAAGATTA-READ1-Sequences.fastq.gz,xR040-L1-G3-P078-ACAGTG-TAAGATTA-READ2-Sequences.fastq.gz,xR043-L6-G2-P073-ACAGTG-TAAGATTA-READ1-Sequences.fastq.gz,xR043-L6-G2-P073-ACAGTG-TAAGATTA-READ2-Sequences.fastq.gz
clone32__HU__H3K9ac__rep3,32,HU,3,H3K9ac,xR040-L1-G3-P079-GCCAAT-ACGTCCTG-READ1-Sequences.fastq.gz,xR040-L1-G3-P079-GCCAAT-ACGTCCTG-READ2-Sequences.fastq.gz,xR043-L6-G2-P074-GCCAAT-ACGTCCTG-READ1-Sequences.fastq.gz,xR043-L6-G2-P074-GCCAAT-ACGTCCTG-READ2-Sequences.fastq.gz
clone32__Unt__H3K9me2__rep1,32,Unt,1,H3K9me2,xR040-L1-G3-P080-CAGATC-GTCAGTAC-READ1-Sequences.fastq.gz,xR040-L1-G3-P080-CAGATC-GTCAGTAC-READ2-Sequences.fastq.gz,xR043-L6-G2-P075-CAGATC-GTCAGTAC-READ1-Sequences.fastq.gz,xR043-L6-G2-P075-CAGATC-GTCAGTAC-READ2-Sequences.fastq.gz
clone32__Unt__H3K9me2__rep2,32,Unt,2,H3K9me2,xR040-L1-G3-P081-ACTTGA-AGGCTATA-READ1-Sequences.fastq.gz,xR040-L1-G3-P081-ACTTGA-AGGCTATA-READ2-Sequences.fastq.gz,xR043-L6-G2-P076-ACTTGA-AGGCTATA-READ1-Sequences.fastq.gz,xR043-L6-G2-P076-ACTTGA-AGGCTATA-READ2-Sequences.fastq.gz
clone32__Unt__H3K9me2__rep3,32,Unt,3,H3K9me2,xR040-L1-G3-P082-GATCAG-GCCTCTAT-READ1-Sequences.fastq.gz,xR040-L1-G3-P082-GATCAG-GCCTCTAT-READ2-Sequences.fastq.gz,xR043-L6-G2-P077-GATCAG-GCCTCTAT-READ1-Sequences.fastq.gz,xR043-L6-G2-P077-GATCAG-GCCTCTAT-READ2-Sequences.fastq.gz
clone32__HU__H3K9me2__rep1,32,HU,1,H3K9me2,xR040-L1-G3-P083-TAGCTT-AGGATAGG-READ1-Sequences.fastq.gz,xR040-L1-G3-P083-TAGCTT-AGGATAGG-READ2-Sequences.fastq.gz,xR043-L6-G2-P078-TAGCTT-AGGATAGG-READ1-Sequences.fastq.gz,xR043-L6-G2-P078-TAGCTT-AGGATAGG-READ2-Sequences.fastq.gz
clone32__HU__H3K9me2__rep2,32,HU,2,H3K9me2,xR040-L1-G3-P084-GGCTAC-TCAGAGCC-READ1-Sequences.fastq.gz,xR040-L1-G3-P084-GGCTAC-TCAGAGCC-READ2-Sequences.fastq.gz,xR043-L6-G2-P079-GGCTAC-TCAGAGCC-READ1-Sequences.fastq.gz,xR043-L6-G2-P079-GGCTAC-TCAGAGCC-READ2-Sequences.fastq.gz
clone32__HU__H3K9me2__rep3,32,HU,3,H3K9me2,xR040-L1-G3-P085-CTTGTA-CTTCGCCT-READ1-Sequences.fastq.gz,xR040-L1-G3-P085-CTTGTA-CTTCGCCT-READ2-Sequences.fastq.gz,xR043-L6-G2-P080-CTTGTA-CTTCGCCT-READ1-Sequences.fastq.gz,xR043-L6-G2-P080-CTTGTA-CTTCGCCT-READ2-Sequences.fastq.gz
clone32__Unt__H3K9me3__rep1,32,Unt,1,H3K9me3,xR040-L1-G3-P086-AGTCAA-TAAGATTA-READ1-Sequences.fastq.gz,xR040-L1-G3-P086-AGTCAA-TAAGATTA-READ2-Sequences.fastq.gz,xR043-L6-G2-P081-AGTCAA-TAAGATTA-READ1-Sequences.fastq.gz,xR043-L6-G2-P081-AGTCAA-TAAGATTA-READ2-Sequences.fastq.gz
clone32__Unt__H3K9me3__rep2,32,Unt,2,H3K9me3,xR040-L1-G3-P087-AGTTCC-ACGTCCTG-READ1-Sequences.fastq.gz,xR040-L1-G3-P087-AGTTCC-ACGTCCTG-READ2-Sequences.fastq.gz,xR043-L6-G2-P082-AGTTCC-ACGTCCTG-READ1-Sequences.fastq.gz,xR043-L6-G2-P082-AGTTCC-ACGTCCTG-READ2-Sequences.fastq.gz
clone32__Unt__H3K9me3__rep3,32,Unt,3,H3K9me3,xR040-L1-G3-P088-ATGTCA-GTCAGTAC-READ1-Sequences.fastq.gz,xR040-L1-G3-P088-ATGTCA-GTCAGTAC-READ2-Sequences.fastq.gz,xR043-L6-G2-P083-ATGTCA-GTCAGTAC-READ1-Sequences.fastq.gz,xR043-L6-G2-P083-ATGTCA-GTCAGTAC-READ2-Sequences.fastq.gz
clone32__HU__H3K9me3__rep1,32,HU,1,H3K9me3,xR040-L1-G3-P089-CCGTCC-AGGCTATA-READ1-Sequences.fastq.gz,xR040-L1-G3-P089-CCGTCC-AGGCTATA-READ2-Sequences.fastq.gz,xR043-L6-G2-P084-CCGTCC-AGGCTATA-READ1-Sequences.fastq.gz,xR043-L6-G2-P084-CCGTCC-AGGCTATA-READ2-Sequences.fastq.gz
clone32__HU__H3K9me3__rep2,32,HU,2,H3K9me3,xR040-L1-G3-P090-GTAGAG-GCCTCTAT-READ1-Sequences.fastq.gz,xR040-L1-G3-P090-GTAGAG-GCCTCTAT-READ2-Sequences.fastq.gz,xR043-L6-G2-P085-GTAGAG-GCCTCTAT-READ1-Sequences.fastq.gz,xR043-L6-G2-P085-GTAGAG-GCCTCTAT-READ2-Sequences.fastq.gz
clone32__HU__H3K9me3__rep3,32,HU,3,H3K9me3,xR040-L1-G3-P091-GTCCGC-AGGATAGG-READ1-Sequences.fastq.gz,xR040-L1-G3-P091-GTCCGC-AGGATAGG-READ2-Sequences.fastq.gz,xR043-L6-G2-P086-GTCCGC-AGGATAGG-READ1-Sequences.fastq.gz,xR043-L6-G2-P086-GTCCGC-AGGATAGG-READ2-Sequences.fastq.gz
clone32__Unt__H3K27ac__rep1,32,Unt,1,H3K27ac,xR040-L1-G3-P092-GTGAAA-TCAGAGCC-READ1-Sequences.fastq.gz,xR040-L1-G3-P092-GTGAAA-TCAGAGCC-READ2-Sequences.fastq.gz,xR043-L6-G2-P087-GTGAAA-TCAGAGCC-READ1-Sequences.fastq.gz,xR043-L6-G2-P087-GTGAAA-TCAGAGCC-READ2-Sequences.fastq.gz
clone32__Unt__H3K27ac__rep2,32,Unt,2,H3K27ac,xR040-L1-G3-P093-GTGGCC-CTTCGCCT-READ1-Sequences.fastq.gz,xR040-L1-G3-P093-GTGGCC-CTTCGCCT-READ2-Sequences.fastq.gz,xR043-L6-G2-P088-GTGGCC-CTTCGCCT-READ1-Sequences.fastq.gz,xR043-L6-G2-P088-GTGGCC-CTTCGCCT-READ2-Sequences.fastq.gz
clone32__Unt__H3K27ac__rep3,32,Unt,3,H3K27ac,xR040-L1-G3-P094-GTTTCG-TAAGATTA-READ1-Sequences.fastq.gz,xR040-L1-G3-P094-GTTTCG-TAAGATTA-READ2-Sequences.fastq.gz,xR043-L6-G2-P089-GTTTCG-TAAGATTA-READ1-Sequences.fastq.gz,xR043-L6-G2-P089-GTTTCG-TAAGATTA-READ2-Sequences.fastq.gz
clone32__HU__H3K27ac__rep1,32,HU,1,H3K27ac,xR040-L1-G3-P095-CGTACG-ACGTCCTG-READ1-Sequences.fastq.gz,xR040-L1-G3-P095-CGTACG-ACGTCCTG-READ2-Sequences.fastq.gz,xR043-L6-G2-P090-CGTACG-ACGTCCTG-READ1-Sequences.fastq.gz,xR043-L6-G2-P090-CGTACG-ACGTCCTG-READ2-Sequences.fastq.gz
clone32__HU__H3K27ac__rep2,32,HU,2,H3K27ac,xR040-L1-G3-P096-GAGTGG-GTCAGTAC-READ1-Sequences.fastq.gz,xR040-L1-G3-P096-GAGTGG-GTCAGTAC-READ2-Sequences.fastq.gz,xR043-L6-G2-P091-GAGTGG-GTCAGTAC-READ1-Sequences.fastq.gz,xR043-L6-G2-P091-GAGTGG-GTCAGTAC-READ2-Sequences.fastq.gz
clone32__HU__H3K27ac__rep3,32,HU,3,H3K27ac,xR040-L1-G3-P097-GGTAGC-AGGCTATA-READ1-Sequences.fastq.gz,xR040-L1-G3-P097-GGTAGC-AGGCTATA-READ2-Sequences.fastq.gz,xR043-L6-G2-P092-GGTAGC-AGGCTATA-READ1-Sequences.fastq.gz,xR043-L6-G2-P092-GGTAGC-AGGCTATA-READ2-Sequences.fastq.gz
clone32__Unt__H3K27me3__rep1,32,Unt,1,H3K27me3,xR040-L1-G3-P098-ACTGAT-GCCTCTAT-READ1-Sequences.fastq.gz,xR040-L1-G3-P098-ACTGAT-GCCTCTAT-READ2-Sequences.fastq.gz,xR043-L6-G2-P093-ACTGAT-GCCTCTAT-READ1-Sequences.fastq.gz,xR043-L6-G2-P093-ACTGAT-GCCTCTAT-READ2-Sequences.fastq.gz
clone32__Unt__H3K27me3__rep2,32,Unt,2,H3K27me3,xR040-L1-G3-P099-ATGAGC-AGGATAGG-READ1-Sequences.fastq.gz,xR040-L1-G3-P099-ATGAGC-AGGATAGG-READ2-Sequences.fastq.gz,xR043-L6-G2-P094-ATGAGC-AGGATAGG-READ1-Sequences.fastq.gz,xR043-L6-G2-P094-ATGAGC-AGGATAGG-READ2-Sequences.fastq.gz
clone32__Unt__H3K27me3__rep3,32,Unt,3,H3K27me3,xR040-L1-G3-P100-ATTCCT-TCAGAGCC-READ1-Sequences.fastq.gz,xR040-L1-G3-P100-ATTCCT-TCAGAGCC-READ2-Sequences.fastq.gz,xR043-L6-G2-P095-ATTCCT-TCAGAGCC-READ1-Sequences.fastq.gz,xR043-L6-G2-P095-ATTCCT-TCAGAGCC-READ2-Sequences.fastq.gz
clone32__HU__H3K27me3__rep2,32,HU,2,H3K27me3,xR040-L1-G3-P101-CAACTA-TAAGATTA-READ1-Sequences.fastq.gz,xR040-L1-G3-P101-CAACTA-TAAGATTA-READ2-Sequences.fastq.gz,xR043-L6-G2-P096-CAACTA-TAAGATTA-READ1-Sequences.fastq.gz,xR043-L6-G2-P096-CAACTA-TAAGATTA-READ2-Sequences.fastq.gz
clone32__HU__H3K27me3__rep3,32,HU,3,H3K27me3,xR040-L1-G3-P102-CACGAT-ACGTCCTG-READ1-Sequences.fastq.gz,xR040-L1-G3-P102-CACGAT-ACGTCCTG-READ2-Sequences.fastq.gz,xR043-L6-G2-P097-CACGAT-ACGTCCTG-READ1-Sequences.fastq.gz,xR043-L6-G2-P097-CACGAT-ACGTCCTG-READ2-Sequences.fastq.gz
clone32__Unt__G9a__rep1,32,Unt,1,G9a,xR040-L1-G3-P103-CACTCA-GTCAGTAC-READ1-Sequences.fastq.gz,xR040-L1-G3-P103-CACTCA-GTCAGTAC-READ2-Sequences.fastq.gz,xR043-L6-G2-P098-CACTCA-GTCAGTAC-READ1-Sequences.fastq.gz,xR043-L6-G2-P098-CACTCA-GTCAGTAC-READ2-Sequences.fastq.gz
clone32__Unt__G9a__rep2,32,Unt,2,G9a,xR040-L1-G3-P104-CAGGCG-AGGCTATA-READ1-Sequences.fastq.gz,xR040-L1-G3-P104-CAGGCG-AGGCTATA-READ2-Sequences.fastq.gz,xR043-L6-G2-P099-CAGGCG-AGGCTATA-READ1-Sequences.fastq.gz,xR043-L6-G2-P099-CAGGCG-AGGCTATA-READ2-Sequences.fastq.gz
clone32__Unt__G9a__rep3,32,Unt,3,G9a,xR040-L1-G3-P105-CATGGC-GCCTCTAT-READ1-Sequences.fastq.gz,xR040-L1-G3-P105-CATGGC-GCCTCTAT-READ2-Sequences.fastq.gz,xR043-L6-G2-P100-CATGGC-GCCTCTAT-READ1-Sequences.fastq.gz,xR043-L6-G2-P100-CATGGC-GCCTCTAT-READ2-Sequences.fastq.gz
clone32__HU__G9a__rep1,32,HU,1,G9a,xR040-L1-G3-P106-CATTTT-AGGATAGG-READ1-Sequences.fastq.gz,xR040-L1-G3-P106-CATTTT-AGGATAGG-READ2-Sequences.fastq.gz,xR043-L6-G2-P101-CATTTT-AGGATAGG-READ1-Sequences.fastq.gz,xR043-L6-G2-P101-CATTTT-AGGATAGG-READ2-Sequences.fastq.gz
clone32__HU__G9a__rep2,32,HU,2,G9a,xR040-L1-G3-P107-CCAACA-TCAGAGCC-READ1-Sequences.fastq.gz,xR040-L1-G3-P107-CCAACA-TCAGAGCC-READ2-Sequences.fastq.gz,xR043-L6-G2-P102-CCAACA-TCAGAGCC-READ1-Sequences.fastq.gz,xR043-L6-G2-P102-CCAACA-TCAGAGCC-READ2-Sequences.fastq.gz
clone32__HU__G9a__rep3,32,HU,3,G9a,xR040-L1-G3-P108-TAATCG-CTTCGCCT-READ1-Sequences.fastq.gz,xR040-L1-G3-P108-TAATCG-CTTCGCCT-READ2-Sequences.fastq.gz,xR043-L6-G2-P103-TAATCG-CTTCGCCT-READ1-Sequences.fastq.gz,xR043-L6-G2-P103-TAATCG-CTTCGCCT-READ2-Sequences.fastq.gz
clone32__Unt__WIZ__rep1,32,Unt,1,WIZ,xR040-L1-G3-P109-ACTGAT-TAAGATTA-READ1-Sequences.fastq.gz,xR040-L1-G3-P109-ACTGAT-TAAGATTA-READ2-Sequences.fastq.gz,xR043-L6-G2-P104-ACTGAT-TAAGATTA-READ1-Sequences.fastq.gz,xR043-L6-G2-P104-ACTGAT-TAAGATTA-READ2-Sequences.fastq.gz
clone32__Unt__WIZ__rep2,32,Unt,2,WIZ,xR040-L1-G3-P110-ATGAGC-ACGTCCTG-READ1-Sequences.fastq.gz,xR040-L1-G3-P110-ATGAGC-ACGTCCTG-READ2-Sequences.fastq.gz,xR043-L6-G2-P105-ATGAGC-ACGTCCTG-READ1-Sequences.fastq.gz,xR043-L6-G2-P105-ATGAGC-ACGTCCTG-READ2-Sequences.fastq.gz
clone32__Unt__WIZ__rep3,32,Unt,3,WIZ,xR040-L1-G3-P111-ATTCCT-GTCAGTAC-READ1-Sequences.fastq.gz,xR040-L1-G3-P111-ATTCCT-GTCAGTAC-READ2-Sequences.fastq.gz,xR043-L6-G2-P106-ATTCCT-GTCAGTAC-READ1-Sequences.fastq.gz,xR043-L6-G2-P106-ATTCCT-GTCAGTAC-READ2-Sequences.fastq.gz
clone32__HU__WIZ__rep1,32,HU,1,WIZ,xR040-L1-G3-P112-CAAAAG-AGGCTATA-READ1-Sequences.fastq.gz,xR040-L1-G3-P112-CAAAAG-AGGCTATA-READ2-Sequences.fastq.gz,xR043-L6-G2-P107-CAAAAG-AGGCTATA-READ1-Sequences.fastq.gz,xR043-L6-G2-P107-CAAAAG-AGGCTATA-READ2-Sequences.fastq.gz
clone32__HU__WIZ__rep2,32,HU,2,WIZ,xR040-L1-G3-P113-CAACTA-GCCTCTAT-READ1-Sequences.fastq.gz,xR040-L1-G3-P113-CAACTA-GCCTCTAT-READ2-Sequences.fastq.gz,xR043-L6-G2-P108-CAACTA-GCCTCTAT-READ1-Sequences.fastq.gz,xR043-L6-G2-P108-CAACTA-GCCTCTAT-READ2-Sequences.fastq.gz
clone32__HU__WIZ__rep3,32,HU,3,WIZ,xR040-L1-G3-P114-CACGAT-AGGATAGG-READ1-Sequences.fastq.gz,xR040-L1-G3-P114-CACGAT-AGGATAGG-READ2-Sequences.fastq.gz,xR043-L6-G2-P109-CACGAT-AGGATAGG-READ1-Sequences.fastq.gz,xR043-L6-G2-P109-CACGAT-AGGATAGG-READ2-Sequences.fastq.gz
clone32__Unt__IgG__rep1,32,Unt,1,IgG,xR040-L1-G3-P115-CACTCA-TCAGAGCC-READ1-Sequences.fastq.gz,xR040-L1-G3-P115-CACTCA-TCAGAGCC-READ2-Sequences.fastq.gz,xR043-L6-G2-P110-CACTCA-TCAGAGCC-READ1-Sequences.fastq.gz,xR043-L6-G2-P110-CACTCA-TCAGAGCC-READ2-Sequences.fastq.gz
clone32__HU__IgG__rep1,32,HU,1,IgG,xR040-L1-G3-P116-CAGGCG-CTTCGCCT-READ1-Sequences.fastq.gz,xR040-L1-G3-P116-CAGGCG-CTTCGCCT-READ2-Sequences.fastq.gz,xR043-L6-G2-P111-CAGGCG-CTTCGCCT-READ1-Sequences.fastq.gz,xR043-L6-G2-P111-CAGGCG-CTTCGCCT-READ2-Sequences.fastq.gz