file,human_reads,human_alignment_pct,mouse_reads,mouse_alignment_pct,human_mouse_ratio
clone32__HU__G9a__rep1,0,0.0,0,0.0,inf
clone32__HU__G9a__rep2,0,0.0,0,0.0,inf
clone32__HU__G9a__rep3,0,0.0,0,0.0,inf
clone32__HU__H3K27ac__rep1,0,0.0,0,0.0,inf
clone32__HU__H3K27ac__rep2,0,0.0,0,0.0,inf
clone32__HU__H3K27ac__rep3,0,0.0,0,0.0,inf
clone32__HU__H3K27me3__rep2,0,0.0,0,0.0,inf
clone32__HU__H3K27me3__rep3,0,0.0,0,0.0,inf
clone32__HU__H3K9ac__rep1,0,0.0,0,0.0,inf
clone32__HU__H3K9ac__rep2,0,0.0,0,0.0,inf
clone32__HU__H3K9ac__rep3,0,0.0,0,0.0,inf
clone32__HU__H3K9me2__rep1,0,0.0,0,0.0,inf
clone32__HU__H3K9me2__rep2,0,0.0,0,0.0,inf
clone32__HU__H3K9me2__rep3,0,0.0,0,0.0,inf
clone32__HU__H3K9me3__rep1,0,0.0,0,0.0,inf
clone32__HU__H3K9me3__rep2,0,0.0,0,0.0,inf
clone32__HU__H3K9me3__rep3,0,0.0,0,0.0,inf
clone32__HU__IgG__rep1,0,0.0,0,0.0,inf
clone32__HU__WIZ__rep1,0,0.0,0,0.0,inf
clone32__HU__WIZ__rep2,0,0.0,0,0.0,inf
clone32__HU__WIZ__rep3,0,0.0,0,0.0,inf
clone32__Unt__G9a__rep1,0,0.0,0,0.0,inf
clone32__Unt__G9a__rep2,0,0.0,0,0.0,inf
clone32__Unt__G9a__rep3,0,0.0,0,0.0,inf
clone32__Unt__H3K27ac__rep1,0,0.0,0,0.0,inf
clone32__Unt__H3K27ac__rep2,0,0.0,0,0.0,inf
clone32__Unt__H3K27ac__rep3,0,0.0,0,0.0,inf
clone32__Unt__H3K27me3__rep1,0,0.0,0,0.0,inf
clone32__Unt__H3K27me3__rep2,0,0.0,0,0.0,inf
clone32__Unt__H3K27me3__rep3,0,0.0,0,0.0,inf
clone32__Unt__H3K9ac__rep1,0,0.0,0,0.0,inf
clone32__Unt__H3K9ac__rep2,0,0.0,0,0.0,inf
clone32__Unt__H3K9ac__rep3,0,0.0,0,0.0,inf
clone32__Unt__H3K9me2__rep1,0,0.0,0,0.0,inf
clone32__Unt__H3K9me2__rep2,0,0.0,0,0.0,inf
clone32__Unt__H3K9me2__rep3,0,0.0,0,0.0,inf
clone32__Unt__H3K9me3__rep1,0,0.0,0,0.0,inf
clone32__Unt__H3K9me3__rep2,0,0.0,0,0.0,inf
clone32__Unt__H3K9me3__rep3,0,0.0,0,0.0,inf
clone32__Unt__IgG__rep1,0,0.0,0,0.0,inf
clone32__Unt__WIZ__rep1,0,0.0,0,0.0,inf
clone32__Unt__WIZ__rep2,0,0.0,0,0.0,inf
clone32__Unt__WIZ__rep3,0,0.0,0,0.0,inf
cloneA3__HU__H3K27ac__rep1,0,0.0,0,0.0,inf
cloneA3__HU__H3K27ac__rep3,0,0.0,0,0.0,inf
cloneA3__HU__H3K27me3__rep1,0,0.0,0,0.0,inf
cloneA3__HU__H3K27me3__rep2,0,0.0,0,0.0,inf
cloneA3__HU__H3K27me3__rep3,0,0.0,0,0.0,inf
cloneA3__HU__H3K9ac__rep1,0,0.0,0,0.0,inf
cloneA3__HU__H3K9ac__rep2,0,0.0,0,0.0,inf
cloneA3__HU__H3K9me2__rep1,0,0.0,0,0.0,inf
cloneA3__HU__H3K9me2__rep2,0,0.0,0,0.0,inf
cloneA3__HU__H3K9me2__rep3,0,0.0,0,0.0,inf
cloneA3__HU__H3K9me3__rep1,0,0.0,0,0.0,inf
cloneA3__HU__H3K9me3__rep2,0,0.0,0,0.0,inf
cloneA3__HU__H3K9me3__rep3,0,0.0,0,0.0,inf
cloneA3__HU__IgG__rep1,0,0.0,0,0.0,inf
cloneA3__Unt__H3K27ac__rep1,0,0.0,0,0.0,inf
cloneA3__Unt__H3K27ac__rep2,0,0.0,0,0.0,inf
cloneA3__Unt__H3K27ac__rep3,0,0.0,0,0.0,inf
cloneA3__Unt__H3K27me3__rep1,0,0.0,0,0.0,inf
cloneA3__Unt__H3K27me3__rep2,0,0.0,0,0.0,inf
cloneA3__Unt__H3K27me3__rep3,0,0.0,0,0.0,inf
cloneA3__Unt__H3K9ac__rep1,0,0.0,0,0.0,inf
cloneA3__Unt__H3K9ac__rep2,0,0.0,0,0.0,inf
cloneA3__Unt__H3K9ac__rep3,0,0.0,0,0.0,inf
cloneA3__Unt__H3K9me2__rep1,0,0.0,0,0.0,inf
cloneA3__Unt__H3K9me2__rep2,0,0.0,0,0.0,inf
cloneA3__Unt__H3K9me2__rep3,0,0.0,0,0.0,inf
cloneA3__Unt__H3K9me3__rep1,0,0.0,0,0.0,inf
cloneA3__Unt__H3K9me3__rep2,0,0.0,0,0.0,inf
cloneA3__Unt__IgG__rep1,0,0.0,0,0.0,inf
cloneA3__Unt_pA_Mnase__H3K27me3__rep1,0,0.0,0,0.0,inf
cloneA3__Unt_pA_Mnase__H3K9me2__rep1,0,0.0,0,0.0,inf
cloneA3__Unt_pA_Mnase__IgG__rep1,0,0.0,0,0.0,inf
